{
  "ents_f": 86.2009173286,
  "ents_p": 86.2733023568,
  "ents_per_type": {
    "CARDINAL": {
      "f": 85.6857523302,
      "p": 84.7267939434,
      "r": 86.6666666667
    },
    "DATE": {
      "f": 85.6994459834,
      "p": 85.1393188854,
      "r": 86.2669919833
    },
    "EVENT": {
      "f": 46.5753424658,
      "p": 60.7142857143,
      "r": 37.7777777778
    },
    "FAC": {
      "f": 39.1534391534,
      "p": 34.2592592593,
      "r": 45.6790123457
    },
    "GPE": {
      "f": 92.3875432526,
      "p": 93.2973316391,
      "r": 91.4953271028
    },
    "LANGUAGE": {
      "f": 71.4285714286,
      "p": 78.9473684211,
      "r": 65.2173913043
    },
    "LAW": {
      "f": 58.9285714286,
      "p": 63.4615384615,
      "r": 55.0
    },
    "LOC": {
      "f": 70.4918032787,
      "p": 72.268907563,
      "r": 68.8
    },
    "MONEY": {
      "f": 91.4700544465,
      "p": 92.0828258222,
      "r": 90.8653846154
    },
    "NORP": {
      "f": 90.2568644818,
      "p": 89.8589065256,
      "r": 90.6583629893
    },
    "ORDINAL": {
      "f": 83.2116788321,
      "p": 79.7202797203,
      "r": 87.0229007634
    },
    "ORG": {
      "f": 84.277424703,
      "p": 84.0683572216,
      "r": 84.487534626
    },
    "PERCENT": {
      "f": 89.3854748603,
      "p": 91.3539967374,
      "r": 87.5
    },
    "PERSON": {
      "f": 91.3664951401,
      "p": 89.008540661,
      "r": 93.852779953
    },
    "PRODUCT": {
      "f": 34.0,
      "p": 52.5773195876,
      "r": 25.1231527094
    },
    "QUANTITY": {
      "f": 73.7541528239,
      "p": 78.1690140845,
      "r": 69.8113207547
    },
    "TIME": {
      "f": 69.5652173913,
      "p": 68.9138576779,
      "r": 70.2290076336
    },
    "WORK_OF_ART": {
      "f": 39.8340248963,
      "p": 44.8598130841,
      "r": 35.8208955224
    }
  },
  "ents_r": 86.1286536634,
  "las": 90.0643010426,
  "las_per_type": {
    "acl": {
      "f": 72.8547392036,
      "p": 74.9567224466,
      "r": 70.8674304419
    },
    "acomp": {
      "f": 90.0725294651,
      "p": 90.1133786848,
      "r": 90.0317172633
    },
    "advcl": {
      "f": 67.8783191544,
      "p": 69.5273303406,
      "r": 66.3057164442
    },
    "advmod": {
      "f": 85.7348033625,
      "p": 86.1094611795,
      "r": 85.3633916555
    },
    "agent": {
      "f": 91.2554112554,
      "p": 88.2747068677,
      "r": 94.4444444444
    },
    "amod": {
      "f": 91.4696880901,
      "p": 91.9366450684,
      "r": 91.0074505993
    },
    "appos": {
      "f": 68.5496525443,
      "p": 70.9183673469,
      "r": 66.3340563991
    },
    "attr": {
      "f": 91.9254658385,
      "p": 90.5383360522,
      "r": 93.3557611438
    },
    "aux": {
      "f": 98.1103552532,
      "p": 98.0101270321,
      "r": 98.2107886772
    },
    "auxpass": {
      "f": 96.0398280154,
      "p": 95.4136690647,
      "r": 96.6742596811
    },
    "case": {
      "f": 98.5803237858,
      "p": 98.116013882,
      "r": 99.049049049
    },
    "cc": {
      "f": 83.1744890008,
      "p": 83.3794015142,
      "r": 82.9705812007
    },
    "ccomp": {
      "f": 81.8470075307,
      "p": 79.6989579313,
      "r": 84.1140529532
    },
    "compound": {
      "f": 91.7487548423,
      "p": 91.1735591729,
      "r": 92.3312541769
    },
    "conj": {
      "f": 77.6348000753,
      "p": 77.4355121463,
      "r": 77.8351164254
    },
    "csubj": {
      "f": 69.4117647059,
      "p": 69.0058479532,
      "r": 69.8224852071
    },
    "csubjpass": {
      "f": 44.4444444444,
      "p": 33.3333333333,
      "r": 66.6666666667
    },
    "dative": {
      "f": 72.5301204819,
      "p": 76.3959390863,
      "r": 69.0366972477
    },
    "dep": {
      "f": 22.8373702422,
      "p": 39.4422310757,
      "r": 16.0714285714
    },
    "det": {
      "f": 97.8347218544,
      "p": 97.7570626069,
      "r": 97.9125045868
    },
    "dobj": {
      "f": 93.4828255616,
      "p": 92.9708431836,
      "r": 94.0004780496
    },
    "expl": {
      "f": 98.8310308183,
      "p": 98.1012658228,
      "r": 99.5717344754
    },
    "intj": {
      "f": 64.5033636723,
      "p": 70.1376936317,
      "r": 59.706959707
    },
    "mark": {
      "f": 90.8225337212,
      "p": 90.6546990496,
      "r": 90.990990991
    },
    "meta": {
      "f": 40.5797101449,
      "p": 82.3529411765,
      "r": 26.9230769231
    },
    "neg": {
      "f": 94.7973986993,
      "p": 94.5137157107,
      "r": 95.0827897642
    },
    "nmod": {
      "f": 65.719237435,
      "p": 76.2057877814,
      "r": 57.7696526508
    },
    "npadvmod": {
      "f": 74.3258219431,
      "p": 77.4143901501,
      "r": 71.4742451155
    },
    "nsubj": {
      "f": 95.3750109909,
      "p": 95.724308344,
      "r": 95.0282535372
    },
    "nsubjpass": {
      "f": 92.3991726991,
      "p": 93.1699687174,
      "r": 91.641025641
    },
    "nummod": {
      "f": 91.0410994425,
      "p": 93.5518252065,
      "r": 88.6616161616
    },
    "oprd": {
      "f": 79.9368088468,
      "p": 84.8993288591,
      "r": 75.5223880597
    },
    "parataxis": {
      "f": 50.9803921569,
      "p": 64.1447368421,
      "r": 42.2993492408
    },
    "pcomp": {
      "f": 87.7046325322,
      "p": 87.2487872488,
      "r": 88.1652661064
    },
    "pobj": {
      "f": 96.5582014205,
      "p": 96.23620266,
      "r": 96.88236218
    },
    "poss": {
      "f": 97.4266184158,
      "p": 97.3092369478,
      "r": 97.5442834138
    },
    "preconj": {
      "f": 61.9883040936,
      "p": 62.3529411765,
      "r": 61.6279069767
    },
    "predet": {
      "f": 88.1002087683,
      "p": 85.7723577236,
      "r": 90.5579399142
    },
    "prep": {
      "f": 86.5891252955,
      "p": 86.3262689494,
      "r": 86.8535872823
    },
    "prt": {
      "f": 84.8695652174,
      "p": 82.4324324324,
      "r": 87.4551971326
    },
    "quantmod": {
      "f": 83.0587241234,
      "p": 86.5316901408,
      "r": 79.8537774167
    },
    "relcl": {
      "f": 79.015867356,
      "p": 77.7271132936,
      "r": 80.3480783176
    },
    "root": {
      "f": 90.4240454915,
      "p": 89.1237509608,
      "r": 91.7628437644
    },
    "xcomp": {
      "f": 90.2333931777,
      "p": 90.2658045977,
      "r": 90.2010050251
    }
  },
  "tags_acc": 97.2104519168,
  "token_acc": 99.756964111,
  "uas": 91.8827236224
}